{
  "Total" : {
    "transaction" : "Total",
    "sampleCount" : 6688,
    "errorCount" : 2621,
    "errorPct" : 39.189594,
    "meanResTime" : 1021.8400119617203,
    "medianResTime" : 1014.0,
    "minResTime" : 657.0,
    "maxResTime" : 1803.0,
    "pct1ResTime" : 1410.0,
    "pct2ResTime" : 1435.0,
    "pct3ResTime" : 1491.1099999999997,
    "throughput" : 5.5666626159652015,
    "receivedKBytesPerSec" : 0.0,
    "sentKBytesPerSec" : 0.0
  },
  "JSR223 Sampler" : {
    "transaction" : "JSR223 Sampler",
    "sampleCount" : 6688,
    "errorCount" : 2621,
    "errorPct" : 39.189594,
    "meanResTime" : 1021.8400119617203,
    "medianResTime" : 1014.0,
    "minResTime" : 657.0,
    "maxResTime" : 1803.0,
    "pct1ResTime" : 1410.0,
    "pct2ResTime" : 1435.0,
    "pct3ResTime" : 1491.1099999999997,
    "throughput" : 5.5666626159652015,
    "receivedKBytesPerSec" : 0.0,
    "sentKBytesPerSec" : 0.0
  }
}